,pop,metal,disco,blues,reggae,classical,rock,hiphop,country,jazz,accuracy,macro avg,weighted avg
precision,0.13793103448275862,0.14788732394366197,0.1509433962264151,0.4166666666666667,0.0,0.0,0.13333333333333333,0.0,0.0,0.0,0.13333333333333333,0.09867617546528357,0.10346459171424122
recall,0.16666666666666666,0.8076923076923077,0.2222222222222222,0.14285714285714285,0.0,0.0,0.06896551724137931,0.0,0.0,0.0,0.13333333333333333,0.14084038566797186,0.13333333333333333
f1-score,0.1509433962264151,0.25,0.1797752808988764,0.21276595744680848,0.0,0.0,0.09090909090909091,0.0,0.0,0.0,0.13333333333333333,0.0884393725481191,0.08892574589598481
support,24.0,26.0,36.0,35.0,27.0,30.0,29.0,28.0,35.0,30.0,0.13333333333333333,300.0,300.0
