,pop,metal,disco,blues,reggae,classical,rock,hiphop,country,jazz,accuracy,macro avg,weighted avg
precision,0.45454545454545453,0.5135135135135135,0.5,0.3333333333333333,0.56,0.75,0.2916666666666667,0.3888888888888889,0.5454545454545454,0.4,0.47333333333333333,0.47374024024024025,0.47328413413413417
recall,0.8333333333333334,0.7307692307692307,0.5,0.5142857142857142,0.5185185185185185,0.9,0.2413793103448276,0.25,0.17142857142857143,0.2,0.47333333333333333,0.4859714678680196,0.47333333333333333
f1-score,0.5882352941176471,0.6031746031746031,0.5,0.4044943820224719,0.5384615384615384,0.8181818181818182,0.26415094339622647,0.30434782608695654,0.26086956521739124,0.26666666666666666,0.47333333333333333,0.4548582637325319,0.4478465248919995
support,24.0,26.0,36.0,35.0,27.0,30.0,29.0,28.0,35.0,30.0,0.47333333333333333,300.0,300.0
