,pop,metal,disco,blues,reggae,classical,rock,hiphop,country,jazz,accuracy,macro avg,weighted avg
precision,0.5454545454545454,0.5714285714285714,0.5,0.56,0.5161290322580645,0.9310344827586207,0.35,0.55,0.5151515151515151,0.5333333333333333,0.56,0.557253148038465,0.5566495777736045
recall,0.75,0.7692307692307693,0.6111111111111112,0.4,0.5925925925925926,0.9,0.2413793103448276,0.39285714285714285,0.4857142857142857,0.5333333333333333,0.56,0.5676218545184062,0.56
f1-score,0.631578947368421,0.6557377049180327,0.55,0.4666666666666667,0.5517241379310345,0.9152542372881356,0.2857142857142857,0.45833333333333337,0.5,0.5333333333333333,0.56,0.5548342646553243,0.551045449532913
support,24.0,26.0,36.0,35.0,27.0,30.0,29.0,28.0,35.0,30.0,0.56,300.0,300.0
