,pop,metal,disco,blues,reggae,classical,rock,hiphop,country,jazz,accuracy,macro avg,weighted avg
precision,0.43902439024390244,0.5588235294117647,0.4222222222222222,0.47058823529411764,0.45714285714285713,0.9333333333333333,0.3157894736842105,0.5714285714285714,0.6071428571428571,0.6,0.53,0.5375495469903836,0.538291124151843
recall,0.75,0.7307692307692307,0.5277777777777778,0.45714285714285713,0.5925925925925926,0.9333333333333333,0.20689655172413793,0.2857142857142857,0.4857142857142857,0.4,0.53,0.5369940914768502,0.53
f1-score,0.5538461538461539,0.6333333333333334,0.46913580246913583,0.46376811594202894,0.5161290322580645,0.9333333333333333,0.25,0.38095238095238093,0.5396825396825397,0.48,0.53,0.5220180691816971,0.5200692891078585
support,24.0,26.0,36.0,35.0,27.0,30.0,29.0,28.0,35.0,30.0,0.53,300.0,300.0
