,pop,metal,disco,blues,reggae,classical,rock,hiphop,country,jazz,accuracy,macro avg,weighted avg
precision,0.25,0.25,0.3333333333333333,0.08571428571428572,0.12195121951219512,0.125,0.07575757575757576,0.13636363636363635,0.0,0.0,0.12666666666666668,0.13781200506810262,0.1351927814732693
recall,0.041666666666666664,0.038461538461538464,0.19444444444444445,0.08571428571428572,0.37037037037037035,0.26666666666666666,0.1724137931034483,0.10714285714285714,0.0,0.0,0.12666666666666668,0.12768806225702778,0.12666666666666668
f1-score,0.07142857142857142,0.06666666666666668,0.24561403508771928,0.08571428571428572,0.18348623853211007,0.1702127659574468,0.10526315789473685,0.11999999999999998,0.0,0.0,0.12666666666666668,0.10483857212815369,0.10587622436271561
support,24.0,26.0,36.0,35.0,27.0,30.0,29.0,28.0,35.0,30.0,0.12666666666666668,300.0,300.0
