,pop,metal,disco,blues,reggae,classical,rock,hiphop,country,jazz,accuracy,macro avg,weighted avg
precision,0.4,0.6551724137931034,0.5151515151515151,0.45454545454545453,0.4722222222222222,0.9642857142857143,0.25,0.3333333333333333,0.5357142857142857,0.6451612903225806,0.52,0.522558622936821,0.5248525722824944
recall,0.6666666666666666,0.7307692307692307,0.4722222222222222,0.2857142857142857,0.6296296296296297,0.9,0.27586206896551724,0.25,0.42857142857142855,0.6666666666666666,0.52,0.5306102199205648,0.52
f1-score,0.5,0.6909090909090909,0.49275362318840576,0.3508771929824561,0.5396825396825397,0.9310344827586207,0.26229508196721313,0.28571428571428575,0.47619047619047616,0.6557377049180327,0.52,0.518519447831112,0.5147709559941631
support,24.0,26.0,36.0,35.0,27.0,30.0,29.0,28.0,35.0,30.0,0.52,300.0,300.0
