,pop,metal,disco,blues,reggae,classical,rock,hiphop,country,jazz,accuracy,macro avg,weighted avg
precision,0.4375,0.6551724137931034,0.5526315789473685,0.5357142857142857,0.45161290322580644,0.9285714285714286,0.3333333333333333,0.38095238095238093,0.5882352941176471,0.53125,0.5433333333333333,0.5394973618655354,0.5436299315747218
recall,0.5833333333333334,0.7307692307692307,0.5833333333333334,0.42857142857142855,0.5185185185185185,0.8666666666666667,0.3103448275862069,0.2857142857142857,0.5714285714285714,0.5666666666666667,0.5433333333333333,0.5445346862588242,0.5433333333333333
f1-score,0.5,0.6909090909090909,0.5675675675675677,0.47619047619047616,0.48275862068965514,0.896551724137931,0.32142857142857145,0.32653061224489793,0.5797101449275363,0.5483870967741935,0.5433333333333333,0.539003390486992,0.5406650787848979
support,24.0,26.0,36.0,35.0,27.0,30.0,29.0,28.0,35.0,30.0,0.5433333333333333,300.0,300.0
