,pop,metal,disco,blues,reggae,classical,rock,hiphop,country,jazz,accuracy,macro avg,weighted avg
precision,0.48717948717948717,0.5757575757575758,0.5333333333333333,0.5925925925925926,0.6206896551724138,0.9333333333333333,0.3,0.5714285714285714,0.5172413793103449,0.5625,0.5666666666666667,0.5694055928107653,0.5701327145608756
recall,0.7916666666666666,0.7307692307692307,0.4444444444444444,0.45714285714285713,0.6666666666666666,0.9333333333333333,0.3103448275862069,0.42857142857142855,0.42857142857142855,0.6,0.5666666666666667,0.5791510883752263,0.5666666666666667
f1-score,0.6031746031746031,0.6440677966101696,0.4848484848484848,0.5161290322580645,0.6428571428571429,0.9333333333333333,0.3050847457627119,0.48979591836734687,0.46875000000000006,0.5806451612903225,0.5666666666666667,0.5668686218502179,0.5616183526962982
support,24.0,26.0,36.0,35.0,27.0,30.0,29.0,28.0,35.0,30.0,0.5666666666666667,300.0,300.0
