,pop,metal,disco,blues,reggae,classical,rock,hiphop,country,jazz,accuracy,macro avg,weighted avg
precision,0.5882352941176471,0.6388888888888888,0.6,0.5,0.45714285714285713,0.9655172413793104,0.3333333333333333,0.45454545454545453,0.6451612903225806,0.6111111111111112,0.59,0.5793935470841184,0.5814835014757804
recall,0.8333333333333334,0.8846153846153846,0.5833333333333334,0.2571428571428571,0.5925925925925926,0.9333333333333333,0.27586206896551724,0.35714285714285715,0.5714285714285714,0.7333333333333333,0.59,0.6022117665221114,0.59
f1-score,0.6896551724137931,0.7419354838709676,0.591549295774648,0.33962264150943394,0.5161290322580645,0.9491525423728815,0.3018867924528302,0.4,0.606060606060606,0.6666666666666666,0.59,0.5802658233379892,0.5753383738490039
support,24.0,26.0,36.0,35.0,27.0,30.0,29.0,28.0,35.0,30.0,0.59,300.0,300.0
